v1,v2,,,
ham,"Go until jurong point, crazy.. Available only in bugis n great world la e buffet... Cine there got amore wat...",,,
ham,Ok lar... Joking wif u oni...,,,
spam,Free entry in 2 a wkly comp to win FA Cup final tkts 21st May 2005. Text FA to 87121 to receive entry question(std txt rate)T&C's apply 08452810075over18's,,,
ham,U dun say so early hor... U c already then say...,,,
ham,"Nah I don't think he goes to usf, he lives around here though",,,
spam,"FreeMsg Hey there darling it's been 3 week's now and no word back! I'd like some fun you up for it still? Tb ok! XxX std chgs to send, �1.50 to rcv",,,
ham,Even my brother is not like to speak with me. They treat me like aids patent.,,,
ham,As per your request 'Melle Melle (Oru Minnaminunginte Nurungu Vettam)' has been set as your callertune for all Callers. Press *9 to copy your friends Callertune,,,
spam,WINNER!! As a valued network customer you have been selected to receivea �900 prize reward! To claim call 09061701461. Claim code KL341. Valid 12 hours only.,,,
spam,Had your mobile 11 months or more? U R entitled to Update to the latest colour mobiles with camera for Free! Call The Mobile Update Co FREE on 08002986030,,,
ham,"I'm gonna be home soon and i don't want to talk about this stuff anymore tonight, k? I've cried enough today.",,,
spam,"SIX chances to win CASH! From 100 to 20,000 pounds txt> CSH11 and send to 87575. Cost 150p/day, 6days, 16+ TsandCs apply Reply HL 4 info",,,
spam,"URGENT! You have won a 1 week FREE membership in our �100,000 Prize Jackpot! Txt the word: CLAIM to No: 81010 T&C www.dbuk.net LCCLTD POBOX 4403LDNW1A7RW18",,,
ham,I've been searching for the right words to thank you for this breather. I promise i wont take your help for granted and will fulfil my promise. You have been wonderful and a blessing at all times.,,,
ham,I HAVE A DATE ON SUNDAY WITH WILL!!,,,
spam,"XXXMobileMovieClub: To use your credit, click the WAP link in the next txt message or click here>> http://wap. xxxmobilemovieclub.com?n=QJKGIGHJJGCBL",,,
ham,Oh k...i'm watching here:),,,
ham,Eh u remember how 2 spell his name... Yes i did. He v naughty make until i v wet.,,,
ham,Fine if that��s the way u feel. That��s the way its gota b,,,
spam,"England v Macedonia - dont miss the goals/team news. Txt ur national team to 87077 eg ENGLAND to 87077 Try:WALES, SCOTLAND 4txt/̼1.20 POBOXox36504W45WQ 16+",,,
ham,Is that seriously how you spell his name?,,,
ham,I���m going to try for 2 months ha ha only joking,,,
ham,So �_ pay first lar... Then when is da stock comin...,,,
ham,Aft i finish my lunch then i go str down lor. Ard 3 smth lor. U finish ur lunch already?,,,
ham,Ffffffffff. Alright no way I can meet up with you sooner?,,,
ham,Just forced myself to eat a slice. I'm really not hungry tho. This sucks. Mark is getting worried. He knows I'm sick when I turn down pizza. Lol,,,
ham,Lol your always so convincing.,,,
ham,Did you catch the bus ? Are you frying an egg ? Did you make a tea? Are you eating your mom's left over dinner ? Do you feel my Love ?,,,
ham,"I'm back &amp; we're packing the car now, I'll let you know if there's room",,,
ham,Ahhh. Work. I vaguely remember that! What does it feel like? Lol,,,
ham,"Wait that's still not all that clear, were you not sure about me being sarcastic or that that's why x doesn't want to live with us",,,
ham,Yeah he got in at 2 and was v apologetic. n had fallen out and she was actin like spoilt child and he got caught up in that. Till 2! But we won't go there! Not doing too badly cheers. You? ,,,
ham,K tell me anything about you.,,,
ham,For fear of fainting with the of all that housework you just did? Quick have a cuppa,,,
spam,Thanks for your subscription to Ringtone UK your mobile will be charged �5/month Please confirm by replying YES or NO. If you reply NO you will not be charged,,,
ham,Yup... Ok i go home look at the timings then i msg �_ again... Xuhui going to learn on 2nd may too but her lesson is at 8am,,,
ham,"Oops, I'll let you know when my roommate's done",,,
ham,I see the letter B on my car,,,
ham,Anything lor... U decide...,,,
ham,Hello! How's you and how did saturday go? I was just texting to see if you'd decided to do anything tomo. Not that i'm trying to invite myself or anything!,,,
ham,Pls go ahead with watts. I just wanted to be sure. Do have a great weekend. Abiola,,,
ham,"Did I forget to tell you ? I want you , I need you, I crave you ... But most of all ... I love you my sweet Arabian steed ... Mmmmmm ... Yummy",,,
spam,07732584351 - Rodger Burns - MSG = We tried to call you re your reply to our sms for a free nokia mobile + free camcorder. Please call now 08000930705 for delivery tomorrow,,,
ham,WHO ARE YOU SEEING?,,,
ham,Great! I hope you like your man well endowed. I am  &lt;#&gt;  inches...,,,
ham,No calls..messages..missed calls,,,
ham,Didn't you get hep b immunisation in nigeria.,,,
ham,"Fair enough, anything going on?",,,
ham,"Yeah hopefully, if tyler can't do it I could maybe ask around a bit",,,
ham,U don't know how stubborn I am. I didn't even want to go to the hospital. I kept telling Mark I'm not a weak sucker. Hospitals are for weak suckers.,,,
ham,What you thinked about me. First time you saw me in class.,,,
ham,"A gram usually runs like  &lt;#&gt; , a half eighth is smarter though and gets you almost a whole second gram for  &lt;#&gt;",,,
ham,K fyi x has a ride early tomorrow morning but he's crashing at our place tonight,,,
ham,"Wow. I never realized that you were so embarassed by your accomodations. I thought you liked it, since i was doing the best i could and you always seemed so happy about \the cave\"". I'm sorry I didn't and don't have more to give. I'm sorry i offered. I'm sorry your room was so embarassing.""",,,
spam,SMS. ac Sptv: The New Jersey Devils and the Detroit Red Wings play Ice Hockey. Correct or Incorrect? End? Reply END SPTV,,,
ham,Do you know what Mallika Sherawat did yesterday? Find out now @  &lt;URL&gt;,,,
spam,"Congrats! 1 year special cinema pass for 2 is yours. call 09061209465 now! C Suprman V, Matrix3, StarWars3, etc all 4 FREE! bx420-ip4-5we. 150pm. Dont miss out! ",,,
ham,"Sorry, I'll call later in meeting.",,,
ham,Tell where you reached,,,
ham,"I jus hope its true that  missin me cos i'm really missin him! You haven't done anything to feel guilty about, yet.",,,
ham,Wat so late still early mah. Or we juz go 4 dinner lor. Aiya i dunno...,,,
ham,"Arms fine, how's Cardiff and uni? ",,,
ham,In fact when do you leave? I think addie goes back to school tues or wed,,,
ham,"Cool breeze... Bright sun... Fresh flower... Twittering birds... All these waiting to wish u: \GOODMORNING &amp; HAVE A NICE DAY\"" :)""",,,
ham,Ya:)going for restaurant..,,,
ham,"Its ok., i just askd did u knw tht no?",,,
spam,Free 1st week entry 2 TEXTPOD 4 a chance 2 win 40GB iPod or �250 cash every wk. Txt POD to 84128 Ts&Cs www.textpod.net custcare 08712405020.,,,
ham,Those ducking chinchillas,,,
ham,I am in a marriage function,,,
ham,Looks like u wil b getting a headstart im leaving here bout 2.30ish but if u r desperate for my company I could head in earlier-we were goin to meet in rummer.,,,
ham,Don���t give a flying monkeys wot they think and I certainly don���t mind. Any friend of mine and all that!,,,
spam,As a registered optin subscriber ur draw 4 �100 gift voucher will be entered on receipt of a correct ans to 80062 Whats No1 in the BBC charts,,,
ham,say thanks2. ,,,
ham,Msg me when rajini comes.,,,
ham,Ya! when are �_ taking ure practical lessons? I start in june..  ,,,
ham,"That's good, because I need drugs",,,
ham,Stupid.its not possible,,,
ham,Can �_ all decide faster cos my sis going home liao..,,,
spam,Summers finally here! Fancy a chat or flirt with sexy singles in yr area? To get MATCHED up just reply SUMMER now. Free 2 Join. OptOut txt STOP Help08714742804,,,
ham,U sleeping now.. Or you going to take? Haha.. I got spys wat.. Me online checking n replying mails lor..,,,
spam,CLAIRE here am havin borin time & am now alone U wanna cum over 2nite? Chat now 09099725823 hope 2 C U Luv CLAIRE xx Calls�1/minmoremobsEMSPOBox45PO139WA,,,
ham,"Fighting with the world is easy, u either win or lose bt fightng with some1 who is close to u is dificult if u lose - u lose if u win - u still lose.",,,
spam,Bought one ringtone and now getting texts costing 3 pound offering more tones etc,,,
ham,"Yalru lyfu astne chikku.. Bt innu mundhe lyf ali halla ke bilo (marriage)program edhae, so lyf is nt yet ovr chikku..ali vargu lyfu meow meow:-D",,,
ham,Kinda. First one gets in at twelve! Aah. Speak tomo,,,
spam,"09066362231 URGENT! Your mobile No 07xxxxxxxxx won a �2,000 bonus caller prize on 02/06/03! this is the 2nd attempt to reach YOU! call 09066362231 ASAP!",,,
ham,Ok good then i later come find �_... C lucky i told �_ to go earlier... Later pple take finish �_ no more again...,,,
ham,Wat makes u thk i'll fall down. But actually i thk i'm quite prone 2 falls. Lucky my dad at home i ask him come n fetch me already.,,,
spam,"YOU 07801543489 are guaranteed the latests Nokia Phone, a 40GB iPod MP3 player or a �500 prize! Txt word:COLLECT to No:83355! TC-LLC NY-USA 150p/Mt msgrcvd18+",,,
ham,Your account has been refilled successfully by INR  &lt;DECIMAL&gt; . Your KeralaCircle prepaid account balance is Rs  &lt;DECIMAL&gt; . Your Transaction ID is KR &lt;#&gt; .,,,
ham,I wont touch you with out your permission.,,,
spam,Hi its LUCY Hubby at meetins all day Fri & I will B alone at hotel U fancy cumin over? Pls leave msg 2day 09099726395 Lucy x Calls�1/minMobsmoreLKPOBOX177HP51FL,,,
ham,"7 wonders in My WORLD 7th You 6th Ur style 5th Ur smile 4th Ur Personality 3rd Ur Nature 2nd Ur SMS and 1st \Ur Lovely Friendship\""... good morning dear""",,,
ham,Take some small dose tablet for fever,,,
ham,Oh. U must have taken your REAL Valentine out shopping first.,,,
ham,"Just sent you an email ��� to an address with incomm in it, is that right?",,,
ham,"Will do, you gonna be at blake's all night? I might be able to get out of here a little early",,,
ham,"Friendship is not a game to play, It is not a word to say, It doesn\'t start on March and ends on May, It is tomorrow, yesterday, today and e",,,
ham,"Nice. Wait...should you be texting right now? I'm not gonna pay your ticket, ya know!",,,
ham,I'm watching lotr w my sis dis aft. So u wan 2 meet me 4 dinner at nite a not?,,,
ham,Why you keeping me away like this,,,
ham,I think its far more than that but find out. Check google maps for a place from your dorm.,,,
ham,My trip was ok but quite tiring lor. Uni starts today but it's ok 4 me cos i'm not taking any modules but jus concentrating on my final yr project.,,,
ham,Have you always been saying welp?,,,
ham,"I'm a guy, browsin is compulsory",,,
ham,Ok...,,,
ham,Purity of friendship between two is not about smiling after reading the forwarded message..Its about smiling just by seeing the name. Gud evng musthu,,,
ham,"Sorry, I'll call later",,,
ham,"(I should add that I don't really care and if you can't I can at least get this dude to fuck off but hey, your money if you want it)",,,
ham,"Hello lover! How goes that new job? Are you there now? Are you happy? Do you think of me? I wake, my slave and send you a teasing kiss from across the sea",,,
ham,I told your number to gautham..,,,
ham,Tell them no need to investigate about me anywhere.,,,
ham,Ok i juz receive..,,,
ham,"Cant believe i said so many things to you this morning when all i really wanted to say was good morning, i love you! Have a beautiful morning. See you in the library later.",,,
spam,"Your account has been credited with 500 FREE Text Messages. To activate, just txt the word: CREDIT to No: 80488 T&Cs www.80488.biz",,,
ham,In the end she might still vomit but its okay. Not everything will come out.,,,
ham,How are you with moneY...as in to you...money aint a thing....how are you sha!,,,
ham,It has everything to do with the weather. Keep extra warm. Its a cold but nothing serious. Pls lots of vitamin c,,,
ham,Hey gals.. Anyone of u going down to e driving centre tmr?,,,
ham,I'm always on yahoo messenger now. Just send the message to me and i.ll get it you may have to send it in the mobile mode sha but i.ll get it. And will reply.,,,
ham,I'm putting it on now. It should be ready for  &lt;TIME&gt; ,,,
ham,"Time n Smile r the two crucial things in our life. Sometimes time makes us to forget smile, and sometimes someone's smile makes us to forget time gud noon",,,
spam,"SMS. ac JSco: Energy is high, but u may not know where 2channel it. 2day ur leadership skills r strong. Psychic? Reply ANS w/question. End? Reply END JSCO",,,
ham,Host-based IDPS for linux systems.,,,
spam,"HOT LIVE FANTASIES call now 08707509020 Just 20p per min NTT Ltd, PO Box 1327 Croydon CR9 5WB 0870 is a national rate call",,,
ham,Don no da:)whats you plan?,,,
ham,Ill be there on  &lt;#&gt;  ok.,,,
ham,Oh my God. I'm almost home,,,
ham,Total video converter free download type this in google search:),,,
spam,Thanks for the Vote. Now sing along with the stars with Karaoke on your mobile. For a FREE link just reply with SING now.,,,
ham,"Wen ur lovable bcums angry wid u, dnt take it seriously.. Coz being angry is d most childish n true way of showing deep affection, care n luv!.. kettoda manda... Have nice day da.",,,
ham,Sounds like something that someone testing me would sayy,,,
ham,When u love someone Dont make them to love u as much as u do. But Love them so much that they dont want to be loved by anyone except you... Gud nit.,,,
ham,"Pete,is this your phone still? Its Jenny from college and Leanne.what are you up to now?:)",,,
ham,Oops sorry. Just to check that you don't mind picking me up tomo at half eight from station. Would that be ok?,,,
ham,"Hey sweet, I was wondering when you had a moment if you might come to me ? I want to send a file to someone but it won't go over yahoo for them because their connection sucks, remember when you set up that page for me to go to and download the format disc ? Could you tell me how to do that ? Or do you know some other way to download big files ? Because they can download stuff directly from the internet. Any help would be great, my prey ... *teasing kiss*",,,
ham,Hows the champ just leaving glasgow!,,,
ham,K:)all the best:)congrats...,,,
ham,I wonder if you'll get this text?,,,
ham,I need to come home and give you some good lovin...,,,
spam,Our brand new mobile music service is now live. The free music player will arrive shortly. Just install on your phone to browse content from the top artists.,,,
ham,Shall i ask one thing if you dont mistake me.,,,
ham,Check wid corect speling i.e. Sarcasm,,,
spam,"URGENT! Your Mobile No was awarded a �2,000 Bonus Caller Prize on 1/08/03! This is our 2nd attempt to contact YOU! Call 0871-4719-523 BOX95QU BT National Rate",,,
ham,Are you angry with me. What happen dear,,,
ham,I thk u dun haf 2 hint in e forum already lor... Cos i told ron n darren is going 2 tell shuhui.,,,
ham,Yup ok thanx...,,,
ham,Hi:)cts employee how are you?,,,
ham,Pls pls find out from aunt nike.,,,
ham,"Wow ... I love you sooo much, you know ? I can barely stand it ! I wonder how your day goes and if you are well, my love ... I think of you and miss you",,,
ham,No screaming means shouting..,,,
ham,Hey what happen de. Are you alright.,,,
ham,Should I have picked up a receipt or something earlier,,,
ham,I think chennai well settled?,,,
ham,Oh dang! I didn't mean o send that to you! Lol!,,,
ham,Unfortunately i've just found out that we have to pick my sister up from the airport that evening so don't think i'll be going out at all. We should try to go out one of th,,,
ham,Horrible bf... I now v hungry...,,,
ham,Remember on that day..,,,
spam,You have won a Nokia 7250i. This is what you get when you win our FREE auction. To take part send Nokia to 86021 now. HG/Suite342/2Lands Row/W1JHL 16+,,,
ham,How's it feel? Mr. Your not my real Valentine just my yo Valentine even tho u hardly play!!,,,
ham,All sounds good. Fingers . Makes it difficult to type,,,
ham,Midnight at the earliest,,,
ham,You're not sure that I'm not trying to make xavier smoke because I don't want to smoke after being told I smoke too much?,,,
ham,K come to nordstrom when you're done,,,
ham,Do u konw waht is rael FRIENDSHIP Im gving yuo an exmpel: Jsut ese tihs msg.. Evrey splleing of tihs msg is wrnog.. Bt sitll yuo can raed it wihtuot ayn mitsake.. GOODNIGHT &amp; HAVE A NICE SLEEP..SWEET DREAMS..,,,
ham,Now press conference da:),,,
spam,"Hello from Orange. For 1 month's free access to games, news and sport, plus 10 free texts and 20 photo messages, reply YES. Terms apply: www.orange.co.uk/ow",,,
ham,After completed degree. There is no use in joining finance.,,,
ham,"Good afternoon, my love ! Any job prospects ? Are you missing me ? What do you do ? Are you being lazy and bleak, hmmm ? Or happy and filled with my love ?",,,
ham,Shant disturb u anymore... Jia you...,,,
ham,Bishan lar nearer... No need buy so early cos if buy now i gotta park my car...,,,
ham,"Me, i dont know again oh",,,
ham,Dude sux for snake. He got old and raiden got buff,,,
ham,He says hi and to get your ass back to south tampa (preferably at a kegger),,,
ham,In e msg jus now. U said thanks for gift.,,,
ham,U too...,,,
ham,Ok how you dear. Did you call chechi,,,
ham,Yeah we do totes. When u wanna?,,,
ham,Ok i found dis pierre cardin one which looks normal costs 20 its on sale.,,,
ham,Good sleep is about rhythm. The person has to establish a rhythm that the body will learn and use. If you want to know more :-),,,
ham,Wat r u doing?,,,
ham,Message from . I am at Truro Hospital on ext. You can phone me here. as I have a phone by my side,,,
ham,"Single line with a big meaning::::: \Miss anything 4 ur \""Best Life\"" but"," don't miss ur best life for anything... Gud nyt...""",,
ham,"Just got some gas money, any chance you and the gang want to go on a grand nature adventure?",,,
ham,Dnt worry...use ice pieces in a cloth pack.also take 2 tablets.,,,
ham,Dude just saw a parked car with its sunroof popped up. Sux,,,
ham,Get ready to put on your excellent sub face :),,,
ham,Tmrw. Im finishing 9 doors,,,
ham,"The  &lt;#&gt; g that i saw a few days ago, the guy wants sell wifi only for  &lt;#&gt;  and with 3g for  &lt;#&gt; . That's why i blanked him.",,,
ham,I am late. I will be there at,,,
ham,"whatever, im pretty pissed off.",,,
ham,Today is ACCEPT DAY..U Accept me as? Brother Sister Lover Dear1 Best1 Clos1 Lvblefrnd Jstfrnd Cutefrnd Lifpartnr Belovd Swtheart Bstfrnd No rply means enemy,,,
ham,I dont have that much image in class.,,,
ham,No:-)i got rumour that you going to buy apartment in chennai:-),,,
ham,Near kalainar tv office.thenampet,,,
spam,Ur cash-balance is currently 500 pounds - to maximize ur cash-in now send GO to 86688 only 150p/msg. CC 08718720201 HG/Suite342/2Lands Row/W1J6HL,,,
spam,SMS AUCTION - A BRAND NEW Nokia 7250 is up 4 auction today! Auction is FREE 2 join & take part! Txt NOKIA to 86021 now! HG/Suite342/2Lands Row/W1J6HL,,,
ham,My sis is catching e show in e afternoon so i'm not watching w her. So c u wan 2 watch today or tmr lor.,,,
ham,"Sounds gd... Haha... Can... Wah, u yan jiu so fast liao...",,,
ham,No. To be nosy I guess. Idk am I over reacting if I'm freaked?,,,
ham,"Remember all those whom i hurt during days of satanic imposter in me.need to pay a price,so be it.may destiny keep me going and as u said pray that i get the mind to get over the same.",,,
ham,How to Make a girl Happy? It's not at all difficult to make girls happy. U only need to be... 1. A friend 2. Companion 3. Lover 4. Chef . . .  &lt;#&gt; . Good listener  &lt;#&gt; . Organizer  &lt;#&gt; . Good boyfriend  &lt;#&gt; . Very clean  &lt;#&gt; . Sympathetic  &lt;#&gt; . Athletic  &lt;#&gt; . Warm . . .  &lt;#&gt; . Courageous  &lt;#&gt; . Determined  &lt;#&gt; . True  &lt;#&gt; . Dependable  &lt;#&gt; . Intelligent . . .  &lt;#&gt; . Psychologist  &lt;#&gt; . Pest exterminator  &lt;#&gt; . Psychiatrist  &lt;#&gt; . Healer . .  &lt;#&gt; . Stylist  &lt;#&gt; . Driver . . Aaniye pudunga venaam..,,,
ham,"Why is that, princess? I bet the brothas are all chasing you!",,,
ham,"I shall book chez jules for half eight, if that's ok with you?",,,
ham,Hhahhaahahah rofl wtf nig was leonardo in your room or something,,,
ham,"Yep, at derek's house now, see you Sunday &lt;3",,,
ham,"It's cool, let me know before it kicks off around  &lt;#&gt; , I'll be out and about all day",,,
ham,"Sorry, I'll call later",,,
ham,I was wondering if it would be okay for you to call uncle john and let him know that things are not the same in nigeria as they r here. That  &lt;#&gt;  dollars is 2years sent and that you know its a strain but i plan to pay back every dime he gives. Every dime so for me to expect anything from you is not practical. Something like that.,,,
ham,There are no other charges after transfer charges and you can withdraw anyhow you like,,,
ham,"Dont search love, let love find U. Thats why its called falling in love, bcoz U dont force yourself, U just fall and U know there is smeone to hold U... BSLVYL",,,
ham,At 4. Let's go to bill millers,,,
ham,I love you. You set my soul on fire. It is not just a spark. But it is a flame. A big rawring flame. XoXo,,,
ham,"Somewhr someone is surely made 4 u. And God has decided a perfect time to make u meet dat person. . . . till den, . . . . . Enjoy ur crushes..!!!;-)",,,
ham,That's my honeymoon outfit. :),,,
ham,Will it help if we propose going back again tomorrow,,,
spam,PRIVATE! Your 2003 Account Statement for shows 800 un-redeemed S. I. M. points. Call 08719899230 Identifier Code: 41685 Expires 07/11/04,,,
ham,Never blame a day in ur life. Good days give u happiness. Bad days give u experience. Both are essential in life! All are Gods blessings! good morning.:,,,
ham,Pls confirm the time to collect the cheque.,,,
spam,As a Registered Subscriber yr draw 4 a �100 gift voucher will b entered on receipt of a correct ans. When are the next olympics. Txt ans to 80062,,,
spam,URGENT! Your Mobile number has been awarded with a �2000 prize GUARANTEED. Call 09061790121 from land line. Claim 3030. Valid 12hrs only 150ppm,,,
ham,Daddy will take good care of you :),,,
ham,"Yeah probably, I still gotta check out with leo",,,
ham,K.then any other special?,,,
ham,Carlos is taking his sweet time as usual so let me know when you and patty are done/want to smoke and I'll tell him to haul ass,,,
ham,Ok pa. Nothing problem:-),,,
ham,Have you heard about that job? I'm going to that wildlife talk again tonight if u want2come. Its that2worzels and a wizzle or whatever it is?! ,,,
ham,"God picked up a flower and dippeditinaDEW, lovingly touched itwhichturnedinto u, and the he gifted tomeandsaid,THIS FRIEND IS 4U",,,
ham,When you came to hostel.,,,
ham,Ok no prob... I'll come after lunch then...,,,
ham,Jus telling u dat i'll b leaving 4 shanghai on 21st instead so we'll haf more time 2 meet up cya...,,,
ham,Are your freezing ? Are you home yet ? Will you remember to kiss your mom in the morning? Do you love me ? Do you think of me ? Are you missing me yet ?,,,
ham,You all ready for * big day tomorrow?,,,
ham,I'll probably be around mu a lot,,,
ham,645,,,
spam,RT-KIng Pro Video Club>> Need help? info@ringtoneking.co.uk or call 08701237397 You must be 16+ Club credits redeemable at www.ringtoneking.co.uk! Enjoy!,,,
ham,Thnx dude. u guys out 2nite?,,,
ham,Me sef dey laugh you. Meanwhile how's my darling anjie!,,,
ham,Mm i had my food da from out,,,
ham,"K, makes sense, btw carlos is being difficult so you guys are gonna smoke while I go pick up the second batch and get gas",,,
ham,Did u download the fring app?,,,
ham,The 2 oz guy is being kinda flaky but one friend is interested in picking up $ &lt;#&gt;  worth tonight if possible,,,
ham,Friends that u can stay on fb chat with,,,
ham,"Fuck babe, I miss you sooooo much !! I wish you were here to sleep with me ... My bed is so lonely ... I go now, to sleep ... To dream of you, my love ...",,,
ham,"Living is very simple.. Loving is also simple.. Laughing is too simple.. Winning is tooo simple.. But, being 'SIMPLE' is very difficult.. Gud nte.:-",,,
spam,U have a secret admirer who is looking 2 make contact with U-find out who they R*reveal who thinks UR so special-call on 09058094599,,,
ham,"Ah, well that confuses things, doesn���t it?",,,
spam,500 free text msgs. Just text ok to 80488 and we'll credit your account,,,
ham,Hi Dear Call me its urgnt. I don't know whats your problem. You don't want to work or if you have any other problem at least tell me. Wating for your reply.,,,
ham,Dear how you. Are you ok?,,,
spam,"You have been selected to stay in 1 of 250 top British hotels - FOR NOTHING! Holiday Worth �350! To Claim, Call London 02072069400. Bx 526, SW73SS",,,
ham,Yes princess! I want to make you happy...,,,
ham,Sounds like you have many talents! would you like to go on a dinner date next week?,,,
ham,I am going to film 2day da. At 6pm. Sorry da.,,,
ham,We not watching movie already. Xy wants 2 shop so i'm shopping w her now.,,,
ham,Hello my little party animal! I just thought I'd buzz you as you were with your friends ...*grins*... Reminding you were loved and send a naughty adoring kiss,,,
ham,Yesterday its with me only . Now am going home.,,,
spam,"Eerie Nokia tones 4u, rply TONE TITLE to 8007 eg TONE DRACULA to 8007 Titles: GHOST, ADDAMSFA, MUNSTERS, EXORCIST, TWILIGHT www.getzed.co.uk POBox36504W45WQ 150p",,,
ham,"You have come into my life and brought the sun ..Shiny down on me, warming my heart. Putting a constant smile on my face ... Making me feel loved and cared for",,,
ham,"No shit, but I wasn't that surprised, so I went and spent the evening with that french guy I met in town here and we fooled around a bit but I didn't let him fuck me",,,
spam,"0A$NETWORKS allow companies to bill for SMS, so they are responsible for their \suppliers\"""," just as a shop has to give a guarantee on what they sell. B. G.""",,
ham,Great comedy..cant stop laughing da:),,,
spam,FreeMsg:Feelin kinda lnly hope u like 2 keep me company! Jst got a cam moby wanna c my pic?Txt or reply DATE to 82242 Msg150p 2rcv Hlp 08712317606 stop to 82242,,,
ham,"Alright, we're all set here, text the man",,,
ham,"Hi , where are you? We're at  and they're not keen to go out i kind of am but feel i shouldn't so can we go out tomo, don't mind do you?",,,
ham,Sleeping nt feeling well,,,
ham,U WILL SWITCH YOUR FONE ON DAMMIT!!,,,
ham,India have to take lead:),,,
ham,I.ll post her out l8r. In class,,,
ham,Thts wat Wright Brother did to fly..,,,
ham,"Evening * v good if somewhat event laden. Will fill you in, don't you worry ��_ Head * ok but throat * wrecked. See you at six then!",,,
ham,If u laugh really loud.. If u talk spontaneously.. If u dont care what others feel.. U are probably with your dear &amp; best friends.. GOODEVENING Dear..:),,,
ham,ITS A LAPTOP TAKE IT WITH YOU.,,,
ham,I dont have any of your file in my bag..i was in work when you called me.i 'll tell you if i find anything in my room.,,,
ham,I wan but too early lei... Me outside now wun b home so early... Neva mind then...,,,
spam,"For ur chance to win a �250 cash every wk TXT: ACTION to 80608. T's&C's www.movietrivia.tv custcare 08712405022, 1x150p/wk",,,
ham,I was at bugis juz now wat... But now i'm walking home oredi... �� so late then reply... I oso saw a top dat i like but din buy... Where r �_ now? ,,,
ham,"Wishing you and your family Merry \X\"" mas and HAPPY NEW Year in advance..""",,,
ham,At 7 we will go ok na.,,,
ham,Yes I posted a couple of pics on fb. There's still snow outside too. I'm just waking up :),,,
ham,S:-)if we have one good partnership going we will take lead:),,,
spam,RGENT! This is the 2nd attempt to contact U!U have WON �1250 CALL 09071512433 b4 050703 T&CsBCM4235WC1N3XX. callcost 150ppm mobilesvary. max�7. 50,,,
ham,"Yeah, where's your class at?",,,
ham,No just send to you. Bec you in temple na.,,,
ham,"You aren't coming home between class, right? I need to work out and shower!",,,
spam,Hi if ur lookin 4 saucy daytime fun wiv busty married woman Am free all next week Chat now 2 sort time 09099726429 JANINExx Calls�1/minMobsmoreLKPOBOX177HP51FL,,,
ham,S but mostly not like that.,,,
ham,�� v ma fan...,,,
ham,Dunno cos i was v late n when i reach they inside already... But we ate spageddies lor... It's e gals who r laughing at me lor...,,,
ham,Guess who spent all last night phasing in and out of the fourth dimension,,,
ham,So now my dad is gonna call after he gets out of work and ask all these crazy questions.,,,
ham,"Yes..but they said its IT.,",,,
ham,Very hurting n meaningful lines ever: \I compromised everything for my love," But at d end my love compromised me for everything:-(\"".. Gud mornin:-)""",,
ham,Lmao!nice 1,,,
ham,Glad to see your reply.,,,
spam,URGENT! We are trying to contact U. Todays draw shows that you have won a �800 prize GUARANTEED. Call 09050001295 from land line. Claim A21. Valid 12hrs only,,,
spam,Monthly password for wap. mobsi.com is 391784. Use your wap phone not PC.,,,
ham,Nah dub but je still buff,,,
ham,Painful words- \I thought being Happy was the most toughest thing on Earth... But," the toughest is acting Happy with all unspoken pain inside..\""""",,
ham,"Yeah, that's fine! It's �6 to get in, is that ok? ",,,
ham,Lol where do u come up with these ideas?,,,
ham,"So many people seems to be special at first sight, But only very few will remain special to you till your last sight.. Maintain them till life ends.. Sh!jas",,,
ham,"Today is \song dedicated day..\"" Which song will u dedicate for me? Send this to all ur valuable frnds but first rply me...""",,,
ham,Okay... We wait ah,,,
ham,Y lei?,,,
ham,HI BABE U R MOST LIKELY TO BE IN BED BUT IM SO SORRY ABOUT TONIGHT! I REALLY WANNA SEE U TOMORROW SO CALL ME AT 9. LOVE ME XXX,,,
ham,Already am squatting is the new way of walking,,,
ham,Do you want bold 2 or bb torch,,,
ham,Cramps stopped. Going back to sleep,,,
spam,todays vodafone numbers ending with 0089(my last four digits) are selected to received a �350 award. If your number matches please call 09063442151 to claim your �350 award,,,
spam,Free Top ringtone -sub to weekly ringtone-get 1st week free-send SUBPOLY to 81618-?3 per week-stop sms-08718727870,,,
ham,Nan sonathaya soladha. Why boss?,,,
ham,Bring tat cd don forget,,,
spam,Sunshine Quiz Wkly Q! Win a top Sony DVD player if u know which country the Algarve is in? Txt ansr to 82277. �1.50 SP:Tyrone,,,
ham,I don't know but I'm raping dudes at poker,,,
ham,Weightloss! No more girl friends. Make loads of money on ebay or something. And give thanks to God.,,,
ham,Was gr8 to see that message. So when r u leaving? Congrats dear. What school and wat r ur plans.,,,
ham,�� eatin later but i'm eatin wif my frens now lei... �� going home first? ,,,
ham,Finish already... Yar they keep saying i mushy... I so embarrassed ok...,,,
ham,"Sorry man, my stash ran dry last night and I can't pick up more until sunday",,,
ham,Hai priya are you right. What doctor said pa. Where are you.,,,
spam,"Free msg. Sorry, a service you ordered from 81303 could not be delivered as you do not have sufficient credit. Please top up to receive the service.",,,
ham,Ok...,,,
ham,Please ask mummy to call father,,,
ham,Can come my room but cannot come my house cos my house still messy... Haha...,,,
ham,I have lost 10 kilos as of today!,,,
ham,Just taste fish curry :-P,,,
ham,What can i do? Might accidant tookplace between somewhere ghodbandar rd. Traffic moves slovely. So plz slip &amp; don't worry.,,,
ham,Yun ah.now �_ wkg where?btw if �_ go nus sc. �� wana specialise in wad?,,,
ham,Yes! I am a one woman man! Please tell me your likes and dislikes in bed...,,,
ham,Was doing my test earlier. I appreciate you. Will call you tomorrow.,,,
ham,"How's my loverboy doing ? What does he do that keeps him from coming to his Queen, hmmm ? Doesn't he ache to speak to me ? Miss me desparately ?",,,
ham,U meet other fren dun wan meet me ah... Muz b a guy rite...,,,
ham,"(No promises on when though, haven't even gotten dinner yet)",,,
ham,I got your back! Do you have any dislikes in bed?,,,
ham,o turns out i had stereo love on mi phone under the unknown album.,,,
spam,Hard LIVE 121 chat just 60p/min. Choose your girl and connect LIVE. Call 09094646899 now! Cheap Chat UK's biggest live service. VU BCM1896WC1N3XX,,,
ham,Yeah I don't see why not,,,
ham,Asking do u knw them or nt? May be ur frnds or classmates?,,,
ham,"Sorry about earlier. Putting out fires.Are you around to talk after 9? Or do you actually have a life, lol!",,,
spam,WOW! The Boys R Back. TAKE THAT 2007 UK Tour. Win VIP Tickets & pre-book with VIP Club. Txt CLUB to 81303. Trackmarque Ltd info@vipclub4u.,,,
ham,"As in missionary hook up, doggy hook up, standing...|",,,
ham,Then u better go sleep.. Dun disturb u liao.. U wake up then msg me lor..,,,
ham,"Fighting with the world is easy, u either win or lose bt fightng with some1 who is close to u is dificult if u lose - u lose if u win - u still lose.",,,
ham,Am watching house ��� very entertaining ��� am getting the whole hugh laurie thing ��� even with the stick ��� indeed especially with the stick.,,,
ham,Thought praps you meant another one. Goodo! I'll look tomorrow ,,,
ham,"Hi Jon, Pete here, Ive bin 2 Spain recently & hav sum dinero left, Bill said u or ur ��rents mayb interested in it, I hav 12,000pes, so around �48, tb, James.",,,
ham,There bold 2  &lt;#&gt; . Is that yours,,,
ham,You know there is. I shall speak to you in  &lt;#&gt;  minutes then,,,
ham,"\ALRITE HUNNY!WOT U UP 2 2NITE? DIDNT END UP GOIN DOWN TOWN JUS DA PUB INSTEAD! JUS CHILLIN AT DA MO IN ME BEDROOM!LOVE JEN XXX.\""""",,,
ham,I went to project centre,,,
ham,As per your request 'Maangalyam (Alaipayuthe)' has been set as your callertune for all Callers. Press *9 to copy your friends Callertune,,,
ham,Lol yeah at this point I guess not,,,
ham,Doing project w frens lor. ,,,
ham,Lol. Well quality aint bad at all so i aint complaining,,,
ham,"K, can that happen tonight?",,,
spam,"Hi, this is Mandy Sullivan calling from HOTMIX FM...you are chosen to receive �5000.00 in our Easter Prize draw.....Please telephone 09041940223 to claim before 29/03/05 or your prize will be transferred to someone else....",,,
ham,"I think we're going to finn's now, come",,,
ham,Why tired what special there you had,,,
ham,I will come tomorrow di,,,
ham,I cant pick the phone right now. Pls send a message,,,
ham,K go and sleep well. Take rest:-).,,,
ham,U guys never invite me anywhere :(,,,
spam,UR GOING 2 BAHAMAS! CallFREEFONE 08081560665 and speak to a live operator to claim either Bahamas cruise of�2000 CASH 18+only. To opt out txt X to 07786200117,,,
ham,I can do that! I want to please you both inside and outside the bedroom...,,,
ham,"\EY! CALM DOWNON THEACUSATIONS.. ITXT U COS IWANA KNOW WOTU R DOIN AT THEW/END... HAVENTCN U IN AGES..RING ME IF UR UP4 NETHING SAT.LOVE J XXX.\""""",,,
ham,I love to wine and dine my lady!,,,
spam,Someone has conacted our dating service and entered your phone because they fancy you!To find out who it is call from landline 09111030116. PoBox12n146tf15,,,
ham,"I��m cool ta luv but v.tired 2 cause i have been doin loads of planning all wk, we have got our social services inspection at the nursery! Take care & spk sn x.",,,
ham,I don know account details..i will ask my mom and send you.my mom is out of reach now.,,,
ham,I think u have the wrong number.,,,
ham,Feel Yourself That You Are Always Happy.. Slowly It Becomes Your Habit &amp; Finally It Becomes Part Of Your Life.. Follow It.. Happy Morning &amp; Have A Happy Day:),,,
ham,DO NOT B LATE LOVE MUM,,,
ham,Got it..mail panren paru..,,,
ham,* Was thinking about chuckin ur red green n black trainners 2 save carryin them bac on train,,,
ham,Give one miss from that number please,,,
ham,Jus came back fr lunch wif my sis only. U leh?,,,
ham,How is your schedule next week? I am out of town this weekend.,,,
ham,Really good:)dhanush rocks once again:),,,
ham,Lmao ok I wont be needing u to do my hair anymore.,,,
ham,"Miss ya, need ya, want ya, love ya.",,,
ham,Sorry i'm not free...,,,
ham,Do u ever get a song stuck in your head for no reason and it won't go away til u listen to it like 5 times?,,,
ham,Nt yet chikku..simple habba..hw abt u?,,,
ham,"Got ur mail Dileep.thank you so muchand look forward to lots of support...very less contacts here,remember one venugopal you mentioned.tomorrow if not late,i shall try to come up till there.goodnight dear.",,,
ham,Sometimes Heart Remembrs someone Very much... Forgets someone soon... Bcoz Heart will not like everyone. But liked ones will be Remembered Everytime... BSLVYL,,,
ham,Joy's father is John. Then John is the NAME of Joy's father. Mandan,,,
spam,Hi 07734396839 IBH Customer Loyalty Offer: The NEW NOKIA6600 Mobile from ONLY �10 at TXTAUCTION!Txt word:START to No:81151 & get Yours Now!4T&,,,
ham,Hi this is yijue... It's regarding the 3230 textbook it's intro to algorithms second edition... I'm selling it for $50...,,,
spam,SMS AUCTION You have won a Nokia 7250i. This is what you get when you win our FREE auction. To take part send Nokia to 86021 now. HG/Suite342/2Lands Row/W1JHL 16+,,,
ham,"K, want us to come by now?",,,
ham,How. Its a little difficult but its a simple way to enter this place,,,
ham,Ha... Both of us doing e same thing. But i got tv 2 watch. U can thk of where 2 go tonight or u already haf smth in mind...,,,
ham,Dont show yourself. How far. Put new pictures up on facebook.,,,
ham,Watching tv now. I got new job :),,,
ham,"Good afternoon sexy buns! How goes the job search ? I wake and you are my first thought as always, my love. I wish your fine and happy and know I adore you!",,,
ham,"I'm not coming over, do whatever you want",,,
ham,"Its ok chikku, and its my 1 of favourite song..:-)",,,
ham,Did u see what I posted on your Facebook?,,,
spam,Call FREEPHONE 0800 542 0578 now!,,,
spam,Buy Space Invaders 4 a chance 2 win orig Arcade Game console. Press 0 for Games Arcade (std WAP charge) See o2.co.uk/games 4 Terms + settings. No purchase,,,
ham,"7 wonders in My WORLD 7th You 6th Ur style 5th Ur smile 4th Ur Personality 3rd Ur Nature 2nd Ur SMS and 1st \Ur Lovely Friendship\""... good morning dear""",,,
spam,"Loan for any purpose �500 - �75,000. Homeowners + Tenants welcome. Have you been previously refused? We can still help. Call Free 0800 1956669 or text back 'help'",,,
spam,BIG BROTHER ALERT! The computer has selected u for 10k cash or #150 voucher. Call 09064018838. NTT PO Box CRO1327 18+ BT Landline Cost 150ppm mobiles vary,,,
ham,";-( oh well, c u later",,,
ham,My uncles in Atlanta. Wish you guys a great semester.,,,
ham,No dear i do have free messages without any recharge. Hi hi hi,,,
ham,"Dont search love, let love find U. Thats why its called falling in love, bcoz U dont force yourself, U just fall and U know there is smeone to hold U... BSLVYL",,,
ham,I dun believe u. I thk u told him.,,,
ham,"Do you know why god created gap between your fingers..? So that, One who is made for you comes &amp; fills those gaps by holding your hand with LOVE..!",,,
ham,Yes:)sura in sun tv.:)lol.,,,
ham,Arun can u transfr me d amt,,,
ham,Takin a shower now but yeah I'll leave when I'm done,,,
ham,Am not working but am up to eyes in philosophy so will text u later when a bit more free for chat...,,,
ham,U haven��t lost me ill always b here 4u.i didn��t intend 2 hurt u but I never knew how u felt about me when Iwas+marine&that��s what itried2tell urmom.i careabout u,,,
spam,"WIN: We have a winner! Mr. T. Foley won an iPod! More exciting prizes soon, so keep an eye on ur mobile or visit www.win-82050.co.uk",,,
ham,You bad girl. I can still remember them,,,
ham,How much i gave to you. Morning.,,,
ham,"I hope your alright babe? I worry that you might have felt a bit desparate when you learned the job was a fake ? I am here waiting when you come back, my love",,,
ham,"Hey, can you tell me blake's address? Carlos wanted me to meet him there but I got lost and he's not answering his phone",,,
ham,Can i get your opinion on something first?,,,
ham,That one week leave i put know that time. Why.,,,
ham,"If we hit it off, you can move in with me :)",,,
ham,excellent. I spent  &lt;#&gt;  years in the Air Force. Iraq and afghanistan. I am stable and honest. do you like traveling?,,,
ham,I wanna watch that movie,,,
ham,Ok lor thanx... �� in school?,,,
ham,I'm in class. Did you get my text.,,,
ham,The bus leaves at  &lt;#&gt; ,,,
ham,God bless.get good sleep my dear...i will pray!,,,
spam,Todays Voda numbers ending 1225 are selected to receive a �50award. If you have a match please call 08712300220 quoting claim code 3100 standard rates app ,,,
ham,Do have a nice day today. I love you so dearly.,,,
ham,Aiyo a bit pai seh �_ noe... Scared he dun rem who i am then die... Hee... But he become better lookin oredi leh...,,,
ham,"Aight, I'll ask a few of my roommates",,,
ham,"Now, whats your house # again ? And do you have any beer there ?",,,
ham,Do �_ all wan 2 meet up n combine all the parts? How's da rest of da project going?,,,
ham,"\Getting tickets 4 walsall tue 6 th march. My mate is getting me them on sat. ill pay my treat. Want 2 go. Txt bak .Terry\""""",,,
ham,Yes we are chatting too.,,,
ham,HI ITS JESS I DONT KNOW IF YOU ARE AT WORK BUT CALL ME WHEN U CAN IM AT HOME ALL EVE. XXX,,,
ham,Sian... Aft meeting supervisor got work 2 do liao... U working now?,,,
ham,Are you going to write ccna exam this week??,,,
ham,Well i will watch shrek in 3D!!B),,,
ham,Am i that much dirty fellow?,,,
ham,Dunno dat's wat he told me. Ok lor...,,,
ham,I'll probably be by tomorrow (or even later tonight if something's going on),,,
ham,I couldn't say no as he is a dying man and I feel sad for him so I will go and I just wanted you to know I would probably be gone late into your night,,,
ham,If you're thinking of lifting me one then no.,,,
ham,Same as u... Dun wan... Y u dun like me already ah... Wat u doing now? Still eating?,,,
ham,Sent me ur email id soon,,,
ham,Wat makes some people dearer is not just de happiness dat u feel when u meet them but de pain u feel when u miss dem!!!,,,
ham,"Dude. What's up. How Teresa. Hope you have been okay. When i didnt hear from these people, i called them and they had received the package since dec  &lt;#&gt; . Just thot you'ld like to know. Do have a fantastic year and all the best with your reading. Plus if you can really really Bam first aid for Usmle, then your work is done.",,,
ham,Hey gorgeous man. My work mobile number is. Have a good one babe. Squishy Mwahs.,,,
ham,May i call You later Pls,,,
spam,"Hottest pics straight to your phone!! See me getting Wet and Wanting, just for you xx Text PICS to 89555 now! txt costs 150p textoperator g696ga 18 XxX",,,
ham,That's the way you should stay oh.,,,
ham,Hello- thanx for taking that call. I got a job! Starts on monday!,,,
ham,What time is ur flight tmr?,,,
ham,When should I come over?,,,
ham,I have a rather prominent bite mark on my right cheek,,,
ham,* Will be september by then!,,,
ham,Are you wet right now?,,,
ham,And how's your husband.,,,
spam,"Hack Chat. Get backdoor entry into 121 chat rooms at a fraction of the cost. Reply NEO69 or call 09050280520, to subscribe 25p pm. DPS, Bcm box 8027 Ldn, wc1n3xx",,,
ham,Are we doing the norm tomorrow? I finish just a 4.15 cos of st tests. Need to sort library stuff out at some point tomo - got letter from today - access til end march so i better get move on!,,,
ham,Yeah. I got a list with only u and Joanna if I'm feeling really anti social,,,
ham,I am in your office na.,,,
ham,"\Are you comingdown later?\""""",,,
ham,Super da:)good replacement for murali,,,
ham,Da is good good player.why he is unsold.,,,
ham,Hi. || Do u want | to join me with sts later? || Meeting them at five. || Call u after class.,,,
ham,Its on in engalnd! But telly has decided it won't let me watch it and mia and elliot were kissing! Damn it!,,,
spam,"FREE NOKIA Or Motorola with upto 12mths 1/2price linerental, 500 FREE x-net mins&100txt/mth FREE B'tooth*. Call Mobileupd8 on 08001950382 or call 2optout/D3WV",,,
ham,I dont want to hear philosophy. Just say what happen,,,
ham,You got job in wipro:)you will get every thing in life in 2 or 3 years.,,,
ham,Then cant get da laptop? My matric card wif �_ lei... ,,,
ham,Dunno da next show aft 6 is 850. Toa payoh got 650.,,,
spam,"This is the 2nd time we have tried 2 contact u. U have won the 750 Pound prize. 2 claim is easy, call 08718726970 NOW! Only 10p per min. BT-national-rate ",,,
ham,I just made some payments so dont have that much. Sorry. Would you want it fedex or the other way.,,,
ham,They did't play one day last year know even though they have very good team.. Like india.,,,
ham,K.:)you are the only girl waiting in reception ah?,,,
ham,"Say this slowly.? GOD,I LOVE YOU &amp; I NEED YOU,CLEAN MY HEART WITH YOUR BLOOD.Send this to Ten special people &amp; u c miracle tomorrow, do it,pls,pls do it...",,,
ham,I hate when she does this. She turns what should be a fun shopping trip into an annoying day of how everything would look in her house.,,,
ham,"Sir, i am waiting for your call.",,,
ham,What's up. Do you want me to come online?,,,
ham,"It could work, we'll reach a consensus at the next meeting",,,
ham,Aiyah then i wait lor. Then u entertain me. Hee...,,,
ham,"The last thing i ever wanted to do was hurt you. And i didn't think it would have. You'd laugh, be embarassed, delete the tag and keep going. But as far as i knew, it wasn't even up. The fact that you even felt like i would do it to hurt you shows you really don't know me at all. It was messy wednesday, but it wasn't bad. The problem i have with it is you HAVE the time to clean it, but you choose not to. You skype, you take pictures, you sleep, you want to go out. I don't mind a few things here and there, but when you don't make the bed, when you throw laundry on top of it, when i can't have a friend in the house because i'm embarassed that there's underwear and bras strewn on the bed, pillows on the floor, that's something else. You used to be good about at least making the bed.",,,
ham,I'll let you know when it kicks in,,,
ham,You call him now ok i said call him,,,
ham,Call to the number which is available in appointment. And ask to connect the call to waheed fathima.,,,
ham,Or �_ go buy wif him then i meet �_ later can?,,,
ham,Mmmm ... Fuck ... Not fair ! You know my weaknesses ! *grins* *pushes you to your knee's* *exposes my belly and pulls your head to it* Don't forget ... I know yours too *wicked smile*,,,
ham,Today my system sh get ready.all is well and i am also in the deep well,,,
ham,Mom wants to know where you at,,,
ham,"Aight, I'll text you when I'm back",,,
ham,Dont know supports ass and srt i thnk. I think ps3 can play through usb too,,,
ham,Oh ok i didnt know what you meant. Yep i am baby jontin,,,
spam,You have WON a guaranteed �1000 cash or a �2000 prize.To claim yr prize call our customer service representative on,,,
spam,Would you like to see my XXX pics they are so hot they were nearly banned in the uk!,,,
spam,HMV BONUS SPECIAL 500 pounds of genuine HMV vouchers to be won. Just answer 4 easy questions. Play Now! Send HMV to 86688 More info:www.100percent-real.com,,,
ham,Watching tv now. I got new job :),,,
ham,This pen thing is beyond a joke. Wont a Biro do? Don't do a masters as can't do this ever again! ,,,
ham,I AM AT A PARTY WITH ALEX NICHOLS,,,
spam,U have a secret admirer who is looking 2 make contact with U-find out who they R*reveal who thinks UR so special-call on 09058094594,,,
ham,Just seeing your missed call my dear brother. Do have a gr8 day.,,,
ham,Ok.. �� finishing soon?,,,
ham,"Sorry, I can't help you on this.",,,
ham,"Come to me, slave. Your doing it again ... Going into your shell and unconsciously avoiding me ... You are making me unhappy :-(",,,
ham,I love your ass! Do you enjoy doggy style? :),,,
ham,I think asking for a gym is the excuse for lazy people. I jog.,,,
spam,Dear 0776xxxxxxx U've been invited to XCHAT. This is our final attempt to contact u! Txt CHAT to 86688 150p/MsgrcvdHG/Suite342/2Lands/Row/W1J6HL LDN 18yrs ,,,
spam,Urgent! Please call 09061743811 from landline. Your ABTA complimentary 4* Tenerife Holiday or �5000 cash await collection SAE T&Cs Box 326 CW25WX 150ppm,,,
ham,No. On the way home. So if not for the long dry spell the season would have been over,,,
ham,I gotta collect da car at 6 lei.,,,
ham,Ok but knackered. Just came home and went to sleep! Not good at this full time work lark.,,,
ham,Probably earlier than that if the station's where I think it is,,,
spam,CALL 09090900040 & LISTEN TO EXTREME DIRTY LIVE CHAT GOING ON IN THE OFFICE RIGHT NOW TOTAL PRIVACY NO ONE KNOWS YOUR [sic] LISTENING 60P MIN 24/7MP 0870753331018+,,,
ham,Good Morning plz call me sir,,,
spam,"FreeMsg Hey U, i just got 1 of these video/pic fones, reply WILD to this txt & ill send U my pics, hurry up Im so bored at work xxx (18 150p/rcvd STOP2stop)",,,
ham,"Uh, heads up we don't have THAT much left",,,
ham,I tot u outside cos darren say u come shopping. Of course we nice wat. We jus went sim lim look at mp3 player.,,,
ham,"Aight, sounds good. When do you want me to come down?",,,
ham,Wat would u like 4 ur birthday?,,,
ham,I love working from home :),,,
ham,And miss vday the parachute and double coins??? U must not know me very well...,,,
ham,"Sorry, I'll call later",,,
ham,My sister got placed in birla soft da:-),,,
spam,Free entry in 2 a weekly comp for a chance to win an ipod. Txt POD to 80182 to get entry (std txt rate) T&C's apply 08452810073 for details 18+,,,
ham,Wah... Okie okie... Muz make use of e unlimited... Haha... ,,,
ham,"There're some people by mu, I'm at the table by lambda",,,
ham,And stop being an old man. You get to build snowman snow angels and snowball fights.,,,
ham,ELLO BABE U OK?,,,
ham,Hello beautiful r u ok? I've kinda ad a row wiv and he walked out the pub?? I wanted a night wiv u Miss u ,,,
ham,Then u going ikea str aft dat?,,,
ham,Becoz its  &lt;#&gt;  jan whn al the post ofice is in holiday so she cn go fr the post ofice...got it duffer,,,
ham,Lol grr my mom is taking forever with my prescription. Pharmacy is like 2 minutes away. Ugh.,,,
ham,For real tho this sucks. I can't even cook my whole electricity is out. And I'm hungry.,,,
ham,You want to go? ,,,
spam,New TEXTBUDDY Chat 2 horny guys in ur area 4 just 25p Free 2 receive Search postcode or at gaytextbuddy.com. TXT ONE name to 89693. 08715500022 rpl Stop 2 cnl,,,
ham,Its not that time of the month nor mid of the time?,,,
ham,Fffff. Can you text kadeem or are you too far gone,,,
ham,We not leaving yet. Ok lor then we go elsewhere n eat. U thk...,,,
ham,Is fujitsu s series lifebook good?,,,
ham,Yar i wanted 2 scold u yest but late already... I where got zhong se qing you? If u ask me b4 he ask me then i'll go out w u all lor. N u still can act so real.,,,
ham,Dont know you bring some food,,,
ham,No current and food here. I am alone also,,,
ham,I'll be in sch fr 4-6... I dun haf da book in sch... It's at home...,,,
ham,Hello. They are going to the village pub at 8 so either come here or there accordingly. Ok?,,,
ham,Ok,,,
ham,We don call like  &lt;#&gt;  times oh. No give us hypertension oh.,,,
ham,"Dont give a monkeys wot they think and i certainly don't mind. Any friend of mine&all that! Just don't sleep wiv , that wud be annoyin!",,,
ham,Omg it could snow here tonite!,,,
spam,Call from 08702490080 - tells u 2 call 09066358152 to claim �5000 prize. U have 2 enter all ur mobile & personal details @ the prompts. Careful!,,,
spam,Free 1st week entry 2 TEXTPOD 4 a chance 2 win 40GB iPod or �250 cash every wk. Txt VPOD to 81303 Ts&Cs www.textpod.net custcare 08712405020.,,,
ham,Carry on not disturbing both of you,,,
ham,What pa tell me.. I went to bath:-),,,
ham,Jus finished avatar nigro,,,
ham,R u over scratching it?,,,
ham,Hope you are having a great day.,,,
ham,Did either of you have any idea's? Do you know of anyplaces doing something?,,,
ham,My planning usually stops at \find hella weed," smoke hella weed\""""",,
ham,The fact that you're cleaning shows you know why i'm upset. Your priority is constantly \what i want to do,"\"" not \""what i need to do.\""""",,
ham,Excellent! Are you ready to moan and scream in ecstasy?,,,
spam,More people are dogging in your area now. Call 09090204448 and join like minded guys. Why not arrange 1 yourself. There's 1 this evening. A�1.50 minAPN LS278BB,,,
ham,Dude avatar 3d was imp. At one point i thought there were actually flies in the room and almost tried hittng one as a reflex,,,
spam,"WELL DONE! Your 4* Costa Del Sol Holiday or �5000 await collection. Call 09050090044 Now toClaim. SAE, TCs, POBox334, Stockport, SK38xh, Cost�1.50/pm, Max10mins",,,
ham,K...k:)why cant you come here and search job:),,,
ham,I got lousy sleep. I kept waking up every 2 hours to see if my cat wanted to come in. I worry about him when its cold :(,,,
ham,"Yeah, I'll leave in a couple minutes &amp; let you know when I get to mu",,,
ham,Can �_ call me at 10:10 to make sure dat i've woken up...,,,
ham,Hey we can go jazz power yoga hip hop kb and yogasana ,,,
ham,The battery is for mr adewale my uncle. Aka Egbon,,,
ham,I cant pick the phone right now. Pls send a message,,,
ham,Wait 2 min..stand at bus stop,,,
ham,Oh ic. I thought you meant mary jane.,,,
ham,Haha... Really oh no... How? Then will they deduct your lesson tmr?,,,
ham,Nah im goin 2 the wrks with j wot bout u?,,,
ham,Then just eat a shit and wait for ur monkey face bitch.......... U asshole..................,,,
ham,Good night. Am going to sleep.,,,
ham,"Aight I'll grab something to eat too, text me when you're back at mu",,,
ham,K...k:)why cant you come here and search job:),,,
ham,Take something for pain. If it moves however to any side in the next 6hrs see a doctor.,,,
ham,"Lol ... Oh no babe, I wont be sliding into your place after midnight, but thanks for the invite",,,
ham,Howz that persons story,,,
spam,Guess what! Somebody you know secretly fancies you! Wanna find out who it is? Give us a call on 09065394973 from Landline DATEBox1282EssexCM61XN 150p/min 18,,,
ham,LOL that would be awesome payback.,,,
spam,it to 80488. Your 500 free text messages are valid until 31 December 2005.,,,
ham,Yes :)it completely in out of form:)clark also utter waste.,,,
ham,"Honeybee Said: *I'm d Sweetest in d World* God Laughed &amp; Said: *Wait,U Havnt Met d Person Reading This Msg* MORAL: Even GOD Can Crack Jokes! GM+GN+GE+GN:)",,,
ham,Thanks. It was only from tescos but quite nice. All gone now. Speak soon ,,,
ham,What's a feathery bowa? Is that something guys have that I don't know about?,,,
ham,Even i cant close my eyes you are in me our vava playing umma :-D,,,
ham,2 laptop... I noe infra but too slow lar... I wan fast one,,,
spam,You have won a guaranteed �200 award or even �1000 cashto claim UR award call free on 08000407165 (18+) 2 stop getstop on 88222 PHP,,,
ham,Nvm it's ok...,,,
ham,Enjoy ur life. . Good night,,,
ham,Yes but can we meet in town cos will go to gep and then home. You could text at bus stop. And don't worry we'll have finished by march ��_ ish!,,,
ham,I had askd u a question some hours before. Its answer,,,
ham,Thats cool. Where should i cum? On you or in you? :),,,
ham,Delhi and chennai still silent.,,,
ham,Lol alright i was thinkin that too haha,,,
spam,Reply to win �100 weekly! Where will the 2006 FIFA World Cup be held? Send STOP to 87239 to end service,,,
ham,No I'm in the same boat. Still here at my moms. Check me out on yo. I'm half naked.,,,
ham,Shhhhh nobody is supposed to know!,,,
ham,"Sorry, I'll call later",,,
ham,"Sorry, I'll call later in meeting any thing related to trade please call Arul. &lt;#&gt; ",,,
ham,Hey i will be late... i'm at amk. Need to drink tea or coffee,,,
ham,I wnt to buy a BMW car urgently..its vry urgent.but hv a shortage of  &lt;#&gt; Lacs.there is no source to arng dis amt. &lt;#&gt; lacs..thats my prob,,,
spam,Urgent! Please call 09061743810 from landline. Your ABTA complimentary 4* Tenerife Holiday or #5000 cash await collection SAE T&Cs Box 326 CW25WX 150 ppm,,,
ham,The length is e same but e top shorter n i got a fringe now. I thk i'm not going liao. Too lazy. Dun wan 2 distract u also.,,,
ham,S..antha num corrct dane,,,
ham,No calls..messages..missed calls,,,
ham,"Sorry, I'll call later",,,
ham,The basket's gettin full so I might be by tonight,,,
ham,HI DARLIN IVE JUST GOT BACK AND I HAD A REALLY NICE NIGHT AND THANKS SO MUCH FOR THE LIFT SEE U TOMORROW XXX,,,
ham,No other Valentines huh? The proof is on your fb page. Ugh I'm so glad I really DIDN'T watch your rupaul show you TOOL!,,,
spam,Free tones Hope you enjoyed your new content. text stop to 61610 to unsubscribe. help:08712400602450p Provided by tones2you.co.uk,,,
ham,Eh den sat u book e kb liao huh...,,,
ham,Have you been practising your curtsey?,,,
ham,Shall i come to get pickle,,,
ham,Lol boo I was hoping for a laugh,,,
ham,\YEH I AM DEF UP4 SOMETHING SAT,"JUST GOT PAYED2DAY & I HAVBEEN GIVEN A�50 PAY RISE 4MY WORK & HAVEBEEN MADE PRESCHOOLCO-ORDINATOR 2I AM FEELINGOOD LUV\""""",,
ham,"Well, I have to leave for my class babe ... You never came back to me ... :-( ... Hope you have a nice sleep, my love",,,
ham,LMAO where's your fish memory when I need it?,,,
ham,But i'll b going 2 sch on mon. My sis need 2 take smth.,,,
ham,Idea will soon get converted to live:),,,
spam,TheMob>Yo yo yo-Here comes a new selection of hot downloads for our members to get for FREE! Just click & open the next link sent to ur fone...,,,
ham,S....s...india going to draw the series after many years in south african soil..,,,
ham,"Goodmorning, today i am late for  &lt;DECIMAL&gt; min.",,,
ham,Can't take any major roles in community outreach. You rock mel,,,
ham,Shopping lor. Them raining mah hard 2 leave orchard.,,,
ham,Hi here. have birth at on the  to  at 8lb 7oz. Mother and baby doing brilliantly.,,,
ham,See the forwarding message for proof,,,
ham,"I can't keep going through this. It was never my intention to run you out, but if you choose to do that rather than keep the room clean so *I* don't have to say no to visitors, then maybe that's the best choice. Yes, I wanted you to be embarassed, so maybe you'd feel for once how I feel when i have a friend who wants to drop buy and i have to say no, as happened this morning. I've tried everything. I don't know what else to do.",,,
ham,Dunno lei... I thk mum lazy to go out... I neva ask her yet...,,,
ham,"Do whatever you want. You know what the rules are. We had a talk earlier this week about what had to start happening, you showing responsibility. Yet, every week it's can i bend the rule this way? What about that way? Do whatever. I'm tired of having thia same argument with you every week. And a  &lt;#&gt;  movie DOESNT inlude the previews. You're still getting in after 1.",,,
ham,"Beautiful Truth against Gravity.. Read carefully: \Our heart feels light when someone is in it.. But it feels very heavy when someone leaves it..\"" GOODMORNING""",,,
spam,Great News! Call FREEFONE 08006344447 to claim your guaranteed �1000 CASH or �2000 gift. Speak to a live operator NOW!,,,
ham,Ambrith..madurai..met u in arun dha marrge..remembr?,,,
ham,Just re read it and I have no shame but tell me how he takes it and if he runs I will blame u 4 ever!! Not really 4 ever just a long time ,,,
ham,"Princess, is your kitty shaved or natural?",,,
ham,"Better than bb. If he wont use it, his wife will or them doctor",,,
ham,Ya it came a while ago,,,
ham,From tomorrow onwards eve 6 to 3 work.,,,
ham,Anything lor but toa payoh got place 2 walk meh...,,,
ham,"I don't have anybody's number, I still haven't thought up a tactful way to ask alex",,,
spam,"U can WIN �100 of Music Gift Vouchers every week starting NOW Txt the word DRAW to 87066 TsCs www.ldew.com SkillGame,1Winaweek, age16.150ppermessSubscription",,,
ham,Is there any movie theatre i can go to and watch unlimited movies and just pay once?,,,
ham,U having lunch alone? I now so bored...,,,
ham,"Yes obviously, but you are the eggs-pert and the potato head��_ Speak soon! ",,,
ham,"Nah man, my car is meant to be crammed full of people",,,
ham,No got new job at bar in airport on satsgettin 4.47per hour but means no lie in! keep in touch,,,
ham,Kallis is ready for bat in 2nd innings,,,
ham,Thanx but my birthday is over already.,,,
ham,"Ugh y can't u just apologize, admit u were wrong and ask me to take u back?",,,
ham,"I noe la... U wana pei bf oso rite... K lor, other days den...",,,
ham,"Yes, i'm small kid.. And boost is the secret of my energy..",,,
ham,IM GONNA MISS U SO MUCH,,,
ham,Is avatar supposed to have subtoitles,,,
ham,Simply sitting and watching match in office..,,,
ham,You can jot down things you want to remember later.,,,
ham,Oh sorry please its over,,,
ham,Hey are we going for the lo lesson or gym? ,,,
ham,"Dont pack what you can buy at any store.like cereals. If you must pack food, pack gari or something 9ja that you will miss.",,,
ham,You always make things bigger than they are,,,
ham,�� dun wan to watch infernal affair?,,,
ham,"Me not waking up until 4 in the afternoon, sup",,,
spam,4mths half price Orange line rental & latest camera phones 4 FREE. Had your phone 11mths ? Call MobilesDirect free on 08000938767 to update now! or2stoptxt,,,
ham,I can send you a pic if you like :),,,
ham,Okay... I booked all already... Including the one at bugis.,,,
ham,"Aight fuck it, I'll get it later",,,
ham,No de. But call me after some time. Ill tell you k,,,
ham,So dont use hook up any how,,,
ham,How much is blackberry bold2 in nigeria.,,,
ham,Hi where you. You in home or calicut?,,,
ham,Hey darlin.. i can pick u up at college if u tell me wen & where 2 mt.. love Pete xx,,,
spam,"Call 09094100151 to use ur mins! Calls cast 10p/min (mob vary). Service provided by AOM, just GBP5/month. AOM Box61,M60 1ER until u stop. Ages 18+ only!",,,
ham,"Oh... I was thkin of goin yogasana at 10 den no nd to go at 3 den can rush to parco 4 nb... Okie lor, u call me when ready...",,,
ham,Y so late but i need to go n get da laptop...,,,
ham,"Sir, I am waiting for your mail.",,,
ham,.Please charge my mobile when you get up in morning.,,,
ham,"Nothing, i got msg frm tht unknown no..",,,
ham,Ugh fuck it I'm resubbing to eve,,,
ham,He didn't see his shadow. We get an early spring yay,,,
ham,I did. One slice and one breadstick. Lol,,,
ham,"Hey ! I want you ! I crave you ! I miss you ! I need you ! I love you, Ahmad Saeed al Hallaq ...",,,
ham,Is there any training tomorrow?,,,
spam,"URGENT! Your mobile No *********** WON a �2,000 Bonus Caller Prize on 02/06/03! This is the 2nd attempt to reach YOU! Call 09066362220 ASAP! BOX97N7QP, 150ppm",,,
ham,Pass dis to all ur contacts n see wat u get! Red;i'm in luv wid u. Blue;u put a smile on my face. Purple;u r realy hot. Pink;u r so swt. Orange;i thnk i lyk u. Green;i realy wana go out wid u. Yelow;i wnt u bck. Black;i'm jealous of u. Brown;i miss you Nw plz giv me one color,,,
ham,Cos daddy arranging time c wat time fetch �_ mah...,,,
ham,Then. You are eldest know.,,,
ham,Who's there say hi to our drugdealer,,,
ham,Its hard to believe things like this. All can say lie but think twice before saying anything to me.,,,
spam,"Eerie Nokia tones 4u, rply TONE TITLE to 8007 eg TONE DRACULA to 8007 Titles: GHOST, ADDAMSFA, MUNSTERS, EXORCIST, TWILIGHT www.getzed.co.uk POBox36504W45WQ 150p ",,,
spam,Sexy Singles are waiting for you! Text your AGE followed by your GENDER as wither M or F E.G.23F. For gay men text your AGE followed by a G. e.g.23G.,,,
ham,Good night my dear.. Sleepwell&amp;Take care,,,
ham,That is wondarfull song,,,
spam,"FreeMsg: Claim ur 250 SMS messages-Text OK to 84025 now!Use web2mobile 2 ur mates etc. Join Txt250.com for 1.50p/wk. T&C BOX139, LA32WU. 16 . Remove txtX or stop",,,
ham,Yar lor actually we quite fast... Cos da ge slow wat... Haha...,,,
ham,Must come later.. I normally bathe him in da afternoon mah..,,,
ham,"Trust me. Even if isn't there, its there.",,,
ham,Hey hun-onbus goin 2 meet him. He wants 2go out 4a meal but I donyt feel like it cuz have 2 get last bus home!But hes sweet latelyxxx,,,
spam,85233 FREE>Ringtone!Reply REAL,,,
ham,I can take you at like noon,,,
ham,Where is it. Is there any opening for mca.,,,
ham,I'm aight. Wat's happening on your side.,,,
ham,I'm done oredi...,,,
ham,"you are sweet as well, princess. Please tell me your likes and dislikes in bed...",,,
ham,How are you. Wish you a great semester,,,
ham,Moji i love you more than words. Have a rich day,,,
ham,Dude how do you like the buff wind.,,,
ham,\alright babe," justthought i��d sayhey! how u doin?nearly the endof me wk offdam nevamind!We will have 2Hook up sn if uwant m8? loveJen x.\""""",,
spam,Well done ENGLAND! Get the official poly ringtone or colour flag on yer mobile! text TONE or FLAG to 84199 NOW! Opt-out txt ENG STOP. Box39822 W111WX �1.50,,,
ham,"No i'm not. I can't give you everything you want and need. You actually could do better for yourself on yor own--you've got more money than i do. I can't get work, i can't get a man, i can't pay the rent, i can't even fill my fucking gas tank. yes, i'm stressed and depressed. I didn't even call home for thanksgiving cuz i'll have to tell them i,m up to nothing.",,,
ham,S:-)kallis wont play in first two odi:-),,,
ham,Then get some cash together and I'll text jason,,,
ham,"Oh, my love, it's soooo good to hear from you. Omg I missed you so much today. I'm sorry your having problems with the provider but thank you for tming me",,,
spam,"Final Chance! Claim ur �150 worth of discount vouchers today! Text YES to 85023 now! SavaMob, member offers mobile! T Cs SavaMob POBOX84, M263UZ. �3.00 Subs 16",,,
spam,PRIVATE! Your 2004 Account Statement for 07742676969 shows 786 unredeemed Bonus Points. To claim call 08719180248 Identifier Code: 45239 Expires,,,
ham,"Probably, want to pick up more?",,,
ham,I'm done...,,,
ham,Are you the cutest girl in the world or what,,,
ham,"No dice, art class 6 thru 9 :( thanks though. Any idea what time I should come tomorrow?",,,
spam,"SMS SERVICES. for your inclusive text credits, pls goto www.comuk.net login= ***** unsubscribe with STOP. no extra charge. help:08700469649. PO BOX420. IP4 5WE",,,
ham,Oh Howda gud gud.. Mathe en samachara chikku:-),,,
ham,I thk 530 lor. But dunno can get tickets a not. Wat u doing now?,,,
ham,Audrie lousy autocorrect,,,
ham,Its a site to simulate the test. It just gives you very tough questions to test your readiness.,,,
ham,Anyway seriously hit me up when you're back because otherwise I have to light up with armand and he always has shit and/or is vomiting,,,
ham,I fetch yun or u fetch?,,,
ham,Thank you. I like you as well...,,,
ham,"Hmmm ... And imagine after you've come home from that having to rub my feet, make me dinner and help me get ready for my date ! Are you sure your ready for that kind of life ?",,,
spam,"FREE2DAY sexy St George's Day pic of Jordan!Txt PIC to 89080 dont miss out, then every wk a saucy celeb!4 more pics c PocketBabe.co.uk 0870241182716 �3/wk",,,
ham,Lara said she can loan me  &lt;#&gt; .,,,
ham,Do we have any spare power supplies,,,
ham,Yar he quite clever but aft many guesses lor. He got ask me 2 bring but i thk darren not so willing 2 go. Aiya they thk leona still not attach wat.,,,
spam,You are a winner you have been specially selected to receive �1000 cash or a �2000 award. Speak to a live operator to claim call 087123002209am-7pm. Cost 10p,,,
ham,"Yeah, don't go to bed, I'll be back before midnight",,,
spam,"Sunshine Hols. To claim ur med holiday send a stamped self address envelope to Drinks on Us UK, PO Box 113, Bray, Wicklow, Eire. Quiz Starts Saturday! Unsub Stop",,,
ham,Well I wasn't available as I washob nobbing with last night so they had to ask Nickey Platt instead of me!;,,,
ham,"It's that time of the week again, ryan",,,
ham,Wish u many many returns of the day.. Happy birthday vikky..,,,
spam,"U can WIN �100 of Music Gift Vouchers every week starting NOW Txt the word DRAW to 87066 TsCs www.Idew.com SkillGame, 1Winaweek, age16. 150ppermessSubscription",,,
ham,I hope you know I'm still mad at you.,,,
ham,"Argh my 3g is spotty, anyway the only thing I remember from the research we did was that province and sterling were the only problem-free places we looked at",,,
ham,In xam hall boy asked girl Tell me the starting term for dis answer I can den manage on my own After lot of hesitation n lookin around silently she said THE! intha ponnungale ipaditan;),,,
ham,Do you know when the result.,,,
spam,+123 Congratulations - in this week's competition draw u have won the �1450 prize to claim just call 09050002311 b4280703. T&Cs/stop SMS 08718727868. Over 18 only 150ppm,,,
ham,"Beautiful Truth against Gravity.. Read carefully: \Our heart feels light when someone is in it.. But it feels very heavy when someone leaves it..\"" GOOD NIGHT""",,,
ham,"Sorry im getting up now, feel really bad- totally rejected that kinda me thing.",,,
ham,You do got a shitload of diamonds though,,,
ham,Tessy..pls do me a favor. Pls convey my birthday wishes to Nimya..pls dnt forget it. Today is her birthday Shijas,,,
ham,Well I'm going to be an aunty!,,,
ham,Mine here like all fr china then so noisy.,,,
ham,Later i guess. I needa do mcat study too.,,,
ham,S...from the training manual it show there is no tech process:)its all about password reset and troubleshooting:),,,
spam,Your B4U voucher w/c 27/03 is MARSMS. Log onto www.B4Utele.com for discount credit. To opt out reply stop. Customer care call 08717168528,,,
ham,"Spoke with uncle john today. He strongly feels that you need to sacrifice to keep me here. He's going to call you. When he does, i beg you to just listen. Dont make any promises or make it clear things are not easy. And i need you to please let us work things out. As long as i keep expecting help, my creativity will be stifled so pls just keep him happy, no promises on your part.",,,
ham,If he started searching he will get job in few days.he have great potential and talent.,,,
ham,"Carlos took a while (again), we leave in a minute",,,
ham,Well done and ! luv ya all ,,,
ham,Then why you came to hostel.,,,
ham,K still are you loving me.,,,
ham,But i juz remembered i gotta bathe my dog today..,,,
ham,After the drug she will be able to eat.,,,
ham,Alright took the morphine. Back in yo.,,,
ham,You see the requirements please,,,
ham,You stayin out of trouble stranger!!saw Dave the other day he��s sorted now!still with me bloke when u gona get a girl MR!ur mum still Thinks we will get 2GETHA! ,,,
spam,FreeMsg: Hey - I'm Buffy. 25 and love to satisfy men. Home alone feeling randy. Reply 2 C my PIX! QlynnBV Help08700621170150p a msg Send stop to stop txts,,,
spam,"Sunshine Hols. To claim ur med holiday send a stamped self address envelope to Drinks on Us UK, PO Box 113, Bray, Wicklow, Eire. Quiz Starts Saturday! Unsub Stop",,,
ham,So can collect ur laptop?,,,
ham,"Ok. Can be later showing around 8-8:30 if you want + cld have drink before. Wld prefer not to spend money on nosh if you don't mind, as doing that nxt wk.",,,
ham,I will once i get home,,,
ham,Waaaat?? Lololo ok next time then!,,,
ham,"The table's occupied, I'm waiting by the tree",,,
ham,I surely dont forgot to come:)i will always be in touch in with you:-),,,
ham,Hi kindly give us back our documents which we submitted for loan from STAPATI,,,
ham,I dont have i shall buy one dear,,,
ham,Oh god i am happy to see your message after 3 days,,,
ham,What year. And how many miles.,,,
ham,Hey cutie. How goes it? Here in WALES its kinda ok. There is like hills and shit but i still avent killed myself. ,,,
ham,"Sad story of a Man - Last week was my b'day. My Wife did'nt wish me. My Parents forgot n so did my Kids . I went to work. Even my Colleagues did not wish. As I entered my cabin my PA said, '' Happy B'day Boss !!''. I felt special. She askd me 4 lunch. After lunch she invited me to her apartment. We went there. She said,'' do u mind if I go into the bedroom for a minute ? '' ''OK'', I sed in a sexy mood. She came out 5 minuts latr wid a cake...n My Wife, My Parents, My Kidz, My Friends n My Colleagues. All screaming.. SURPRISE !! and I was waiting on the sofa.. ... ..... ' NAKED...!",,,
ham,I think you should go the honesty road. Call the bank tomorrow. Its the tough decisions that make us great people.,,,
spam,FREE for 1st week! No1 Nokia tone 4 ur mob every week just txt NOKIA to 87077 Get txting and tell ur mates. zed POBox 36504 W45WQ norm150p/tone 16+,,,
ham,No. Its not specialisation. Can work but its slave labor. Will look for it this month sha cos no shakara 4 beggar.,,,
ham,Is she replying. Has boye changed his phone number,,,
ham,"1) Go to write msg 2) Put on Dictionary mode 3)Cover the screen with hand, 4)Press  &lt;#&gt; . 5)Gently remove Ur hand.. Its interesting..:)",,,
ham,hi my darlin im on my way to London and we have just been smashed into by another driver! and have a big dent! im really missing u what have u been up to? xxx,,,
ham,"Nothing really, just making sure everybody's up to speed",,,
ham,I'm not coming home 4 dinner.,,,
ham,"Thank you. And by the way, I just lost.",,,
ham,Yes.he have good crickiting mind,,,
ham,Thx. All will be well in a few months,,,
spam,"Shop till u Drop, IS IT YOU, either 10K, 5K, �500 Cash or �100 Travel voucher, Call now, 09064011000. NTT PO Box CR01327BT fixedline Cost 150ppm mobile vary",,,
ham,\CAN I PLEASE COME UP NOW IMIN TOWN.DONTMATTER IF URGOIN OUTL8R,JUST REALLYNEED 2DOCD.PLEASE DONTPLEASE DONTIGNORE MYCALLS,"U NO THECD ISV.IMPORTANT TOME 4 2MORO\""""",
ham,I wont. So wat's wit the guys,,,
ham,Yavnt tried yet and never played original either,,,
ham,"Hiya, had a good day? Have you spoken to since the weekend?",,,
ham,See? I thought it all through,,,
ham,I'm at work. Please call,,,
ham,get ready to moan and scream :),,,
ham,Oh k :)why you got job then whats up?,,,
ham,"I don,t think so. You don't need to be going out that late on a school night. ESPECIALLY when the one class you have is the one you missed last wednesday and probably failed a test in on friday",,,
ham,And popping &lt;#&gt; ibuprofens was no help.,,,
ham,"Babe ! How goes that day ? What are you doing ? Where are you ? I sip my cappuccino and think of you, my love ... I send a kiss to you from across the sea",,,
ham,Ok.,,,
ham,PS U no ur a grown up now right?,,,
ham,"Chinatown got porridge, claypot rice, yam cake, fishhead beehoon... Either we eat cheap den go cafe n tok or go nydc or somethin...",,,
ham,I know a few people I can hit up and fuck to the yes,,,
ham,Purity of friendship between two is not about smiling after reading the forwarded message..Its about smiling just by seeing the name. Gud evng,,,
ham,So is there anything specific I should be doing with regards to jaklin or what because idk what the fuck,,,
ham,Oh god. I'm gonna Google nearby cliffs now.,,,
spam,FREE camera phones with linerental from 4.49/month with 750 cross ntwk mins. 1/2 price txt bundle deals also avble. Call 08001950382 or call2optout/J MF,,,
ham,Yup i shd haf ard 10 pages if i add figures... �� all got how many pages?,,,
ham,"Ooh, 4got, i'm gonna start belly dancing in moseley weds 6.30 if u want 2 join me, they have a cafe too. ",,,
ham,Thankyou so much for the call. I appreciate your care.,,,
ham,Congrats ! Treat pending.i am not on mail for 2 days.will mail once thru.Respect mother at home.check mails.,,,
ham,I called but no one pick up e phone. I ask both of them already they said ok.,,,
ham,Hi my email address has changed now it is ,,,
ham,"V-aluable. A-ffectionate. L-oveable. E-ternal. N-oble. T-ruthful. I-ntimate. N-atural. E-namous. Happy \VALENTINES DAY\"" in advance""",,,
ham,"Not much, just some textin'. How bout you?",,,
ham,Bring it if you got it,,,
ham,I'm in a movie. Call me 4 wat?,,,
ham,Not sure I have the stomach for it ...,,,
ham,Haha... can... But i'm having dinner with my cousin...,,,
ham,"A boy was late 2 home. His father: \POWER OF FRNDSHIP\""""",,,
ham,"(And my man carlos is definitely coming by mu tonight, no excuses)",,,
ham,soon you will have the real thing princess! Do i make you wet? :),,,
ham,Raji..pls do me a favour. Pls convey my Birthday wishes to Nimya. Pls. Today is her birthday.,,,
ham,"Haha, my legs and neck are killing me and my amigos are hoping to end the night with a burn, think I could swing by in like an hour?",,,
spam,"URGENT! Your mobile No 07xxxxxxxxx won a �2,000 bonus caller prize on 02/06/03! this is the 2nd attempt to reach YOU! call 09066362231 ASAP! BOX97N7QP, 150PPM",,,
ham,Usually the body takes care of it buy making sure it doesnt progress. Can we pls continue this talk on saturday.,,,
spam,"URGENT!! Your 4* Costa Del Sol Holiday or �5000 await collection. Call 09050090044 Now toClaim. SAE, TC s, POBox334, Stockport, SK38xh, Cost�1.50/pm, Max10mins",,,
ham,"Hmm well, night night ",,,
ham,Just wanted to say holy shit you guys weren't kidding about this bud,,,
ham,"Just gettin a bit arty with my collages at the mo, well tryin 2 ne way! Got a roast in a min lovely i shall enjoy that!",,,
ham,"This is one of the days you have a billion classes, right?",,,
ham,"Goodmorning, today i am late for 2hrs. Because of back pain.",,,
ham,Ok then i'll let him noe later n ask him call u tmr...,,,
ham,Prabha..i'm soryda..realy..frm heart i'm sory,,,
ham,OK i'm waliking ard now... Do u wan me 2 buy anything go ur house?,,,
ham,* Will have two more cartons off u and is very pleased with shelves,,,
ham,Nice talking to you! please dont forget my pix :) i want to see all of you...,,,
spam,You have WON a guaranteed �1000 cash or a �2000 prize. To claim yr prize call our customer service representative on 08714712379 between 10am-7pm Cost 10p,,,
ham,But really quite funny lor wat... Then u shd haf run shorter distance wat...,,,
ham,I notice you like looking in the shit mirror youre turning into a right freak,,,
ham,Great. I was getting worried about you. Just know that a wonderful and caring person like you will have only the best in life. Know that u r wonderful and God's love is yours.,,,
spam,"Thanks for your ringtone order, ref number K718. Your mobile will be charged �4.50. Should your tone not arrive please call customer services on 09065069120",,,
ham,"I prefer my free days... Tues, wed, fri oso can... �� ask those workin lor...",,,
ham,Alrite jod hows the revision goin? Keris bin doin a smidgin. N e way u wanna cum over after college?xx,,,
ham,If you have belive me. Come to my home.,,,
ham,Oh k.k..where did you take test?,,,
ham,Those were my exact intentions,,,
ham,haha but no money leh... Later got to go for tuition... Haha and looking for empty slots for driving lessons,,,
ham,"Hey... Thk we juz go accordin to wat we discussed yest lor, except no kb on sun... Cos there's nt much lesson to go if we attend kb on sat...",,,
ham,"K, wen ur free come to my home and also tel vikky i hav sent mail to him also.. Better come evening il be free today aftr 6pm..:-)",,,
ham,Nothing just getting msgs by dis name wit different no's..,,,
ham,Good Morning plz call me sir,,,
ham,What's your room number again? Wanna make sure I'm knocking on the right door,,,
ham,\Si.como no?!listened2the plaid album-quite gd&the new air1 which is hilarious-also bought��braindance��a comp.ofstuff on aphex��s ;abel,"u hav2hear it!c u sn xxxx\""""",,
ham,Pls tell nelson that the bb's are no longer comin. The money i was expecting aint coming,,,
ham,"Give her something to drink, if she takes it and doesn't vomit then you her temp might drop. If she unmits however let me know.",,,
ham,Think you sent the text to the home phone. That cant display texts. If you still want to send it his number is,,,
ham,Every day i use to sleep after  &lt;#&gt;  so only.,,,
ham,K I'll call you when I'm close,,,
ham,U buy newspapers already?,,,
ham,Nope wif my sis lor... Aft bathing my dog then i can bathe... Looks like it's going 2 rain soon.,,,
ham,Boo I'm on my way to my moms. She's making tortilla soup. Yummmm,,,
ham,No management puzzeles.,,,
ham,How did you find out in a way that didn't include all of these details,,,
spam,"Hi ya babe x u 4goten bout me?' scammers getting smart..Though this is a regular vodafone no, if you respond you get further prem rate msg/subscription. Other nos used also. Beware!",,,
spam,Back 2 work 2morro half term over! Can U C me 2nite 4 some sexy passion B4 I have 2 go back? Chat NOW 09099726481 Luv DENA Calls �1/minMobsmoreLKPOBOX177HP51FL,,,
ham,will you like to be spoiled? :),,,
spam,"Thanks for your ringtone order, ref number R836. Your mobile will be charged �4.50. Should your tone not arrive please call customer services on 09065069154",,,
ham,I am getting threats from your sales executive Shifad as i raised complaint against him. Its an official message.,,,
ham,hope things went well at 'doctors' ;) reminds me i still need 2go.did u c d little thing i left in the lounge?,,,
ham,Den wat will e schedule b lk on sun?,,,
ham,Lol enjoy role playing much?,,,
ham,Ok. Me watching tv too.,,,
ham,I just lov this line: \Hurt me with the truth, I don't mind,i wil tolerat.bcs ur my someone..... But," Never comfort me with a lie\"" gud ni8 and sweet dreams"""
ham,"Just checked out, heading out to drop off my stuff now",,,
ham,Here got lots of hair dresser fr china.,,,
ham,Sad story of a Man - Last week was my b'day. My Wife did'nt wish me. My Parents forgot n so did my Kids . I went to work. Even my Colleagues did not wish.,,,
ham,Ill call you evening ill some ideas.,,,
spam,SplashMobile: Choose from 1000s of gr8 tones each wk! This is a subscrition service with weekly tones costing 300p. U have one credit - kick back and ENJOY,,,
ham,Did you show him and wot did he say or could u not c him 4 dust?,,,
ham,It should take about  &lt;#&gt;  min,,,
spam,Not heard from U4 a while. Call 4 rude chat private line 01223585334 to cum. Wan 2C pics of me gettin shagged then text PIX to 8552. 2End send STOP 8552 SAM xxx,,,
ham,Ok . . now i am in bus. . If i come soon i will come otherwise tomorrow,,,
ham,I cant pick the phone right now. Pls send a message,,,
spam,<Forwarded from 88877>FREE entry into our �250 weekly comp just send the word ENTER to 88877 NOW. 18 T&C www.textcomp.com,,,
ham,Finish liao... U?,,,
spam,88066 FROM 88066 LOST 3POUND HELP,,,
ham,Haha i think i did too,,,
ham,U know we watchin at lido?,,,
ham,Life spend with someone for a lifetime may be meaningless but a few moments spent with someone who really love you means more than life itself..,,,
ham,"Haha awesome, I've been to 4u a couple times. Who all's coming?",,,
ham,Cold. Dont be sad dear,,,
ham,Think I could stop by in like an hour or so? My roommate's looking to stock up for a trip,,,
ham,Is that on the telly? No its Brdget Jones!,,,
ham,Love you aathi..love u lot..,,,
ham,Hello! How r u? Im bored. Inever thought id get bored with the tv but I am. Tell me something exciting has happened there? Anything! =/,,,
ham,Hmm...Bad news...Hype park plaza $700 studio taken...Only left 2 bedrm-$900...,,,
ham,"Sorry, I'll call later in meeting",,,
ham,R �_ comin back for dinner?,,,
ham,"I hav almost reached. Call, i m unable to connect u.",,,
ham,Whom you waited for yesterday,,,
ham,I reach home safe n sound liao...,,,
ham,"Velly good, yes please!",,,
ham,"Hi, wkend ok but journey terrible. Wk not good as have huge back log of marking to do",,,
ham,I have had two more letters from . I will copy them for you cos one has a message for you. Speak soon,,,
ham,Alex knows a guy who sells mids but he's down in south tampa and I don't think I could set it up before like 8,,,
ham,Dont you have message offer,,,
spam,Had your mobile 11mths ? Update for FREE to Oranges latest colour camera mobiles & unlimited weekend calls. Call Mobile Upd8 on freefone 08000839402 or 2StopTx,,,
ham,"HEY THERE BABE, HOW U DOIN? WOT U UP 2 2NITE LOVE ANNIE X.",,,
ham,Remind me how to get there and I shall do so,,,
ham,:-( that's not v romantic!,,,
ham,Hello. Damn this christmas thing. I think i have decided to keep this mp3 that doesnt work.,,,
spam,You have 1 new message. Please call 08718738034.,,,
ham,HI DARLIN IM MISSIN U HOPE YOU ARE HAVING A GOOD TIME. WHEN ARE U BACK AND WHAT TIME IF U CAN GIVE ME A CALL AT HOME. JESS XX,,,
spam,<Forwarded from 21870000>Hi - this is your Mailbox Messaging SMS alert. You have 4 messages. You have 21 matches. Please call back on 09056242159 to retrieve your messages and matches,,,
ham,Draw va?i dont think so:),,,
ham,Dont pick up d call when something important is There to tell. Hrishi,,,
spam,"Congrats! 1 year special cinema pass for 2 is yours. call 09061209465 now! C Suprman V, Matrix3, StarWars3, etc all 4 FREE! bx420-ip4-5we. 150pm. Dont miss out!",,,
ham,Nothin comes to my mind. �� help me buy hanger lor. Ur laptop not heavy?,,,
ham,"&lt;#&gt; , that's all? Guess that's easy enough",,,
ham,We can make a baby in yo tho,,,
ham,Should I tell my friend not to come round til like  &lt;#&gt; ish?,,,
ham,Friendship poem: Dear O Dear U R Not Near But I Can Hear Dont Get Fear Live With Cheer No More Tear U R Always my Dear. Gud ni8,,,
ham,Still in the area of the restaurant. Ill try to come back soon,,,
ham,"Aight that'll work, thanks",,,
spam,WIN a year supply of CDs 4 a store of ur choice worth �500 & enter our �100 Weekly draw txt MUSIC to 87066 Ts&Cs www.Ldew.com.subs16+1win150ppmx3,,,
spam,Moby Pub Quiz.Win a �100 High Street prize if u know who the new Duchess of Cornwall will be? Txt her first name to 82277.unsub STOP �1.50 008704050406 SP Arrow,,,
ham,"I have 2 sleeping bags, 1 blanket and paper and  phone details. Anything else?",,,
spam,You have won a Nokia 7250i. This is what you get when you win our FREE auction. To take part send Nokia to 86021 now. HG/Suite342/2Lands Row/W1JHL 16+ ,,,
spam,"Congratulations! Thanks to a good friend U have WON the �2,000 Xmas prize. 2 claim is easy, just call 08718726971 NOW! Only 10p per minute. BT-national-rate.",,,
spam,"tddnewsletter@emc1.co.uk (More games from TheDailyDraw) Dear Helen, Dozens of Free Games - with great prizesWith..",,,
ham,So what do you guys do.,,,
ham,Also that chat was awesome but don't make it regular unless you can see her in person,,,
ham,That's significant but dont worry.,,,
ham,That's cause your old. I live to be high.,,,
ham,"Waqt se pehle or naseeb se zyada kisi ko kuch nahi milta,Zindgi wo nahi he jo hum sochte hai Zindgi wo hai jo ham jeetey hai..........",,,
ham,On the way to office da..,,,
ham,In which place do you want da.,,,
ham,This pain couldn't have come at a worse time.,,,
ham,Ok...,,,
ham,Should I be stalking u?,,,
ham,Sorry dude. Dont know how i forgot. Even after Dan reminded me. Sorry. Hope you guys had fun.,,,
ham,Ok lor.,,,
ham,Apps class varaya elaya.,,,
ham,The Xmas story is peace.. The Xmas msg is love.. The Xmas miracle is jesus.. Hav a blessed month ahead &amp; wish U Merry Xmas...,,,
spam,"URGENT! Your mobile number *************** WON a �2000 Bonus Caller prize on 10/06/03! This is the 2nd attempt to reach you! Call 09066368753 ASAP! Box 97N7QP, 150ppm",,,
ham,That day you asked about anand number. Why:-),,,
ham,Am surfing online store. For offers do you want to buy any thing.,,,
ham,Long beach lor. Expected... U having dinner now?,,,
ham,At home by the way,,,
ham,We are both fine. Thanks,,,
ham,What happen to her tell the truth,,,
ham,Do you like Italian food?,,,
ham,Which is weird because I know I had it at one point,,,
ham,"\Aww you must be nearly dead!Well Jez isComing over toDo some workAnd that whillTake forever!\""""",,,
ham,Tell your friends what you plan to do on Valentines day @ &lt;URL&gt;,,,
ham,"Alright, see you in a bit",,,
ham,Cheers for the message Zogtorius. I��ve been staring at my phone for an age deciding whether to text or not.,,,
ham,I will take care of financial problem.i will help:),,,
ham,Tell dear what happen to you. Why you talking to me like an alian,,,
spam,Double your mins & txts on Orange or 1/2 price linerental - Motorola and SonyEricsson with B/Tooth FREE-Nokia FREE Call MobileUpd8 on 08000839402 or2optout/HV9D,,,
ham,"1) Go to write msg 2) Put on Dictionary mode 3)Cover the screen with hand, 4)Press  &lt;#&gt; . 5)Gently remove Ur hand.. Its interesting..:)",,,
ham,Okie...,,,
ham,"Hi this is yijue, can i meet u at 11 tmr?",,,
ham,Its posible dnt live in  &lt;#&gt; century cm frwd n thnk different,,,
ham,But i dint slept in afternoon.,,,
ham,That seems unnecessarily affectionate,,,
ham,Yar else i'll thk of all sorts of funny things.,,,
ham,You will be in the place of that man,,,
spam,"Download as many ringtones as u like no restrictions, 1000s 2 choose. U can even send 2 yr buddys. Txt Sir to 80082 �3 ",,,
ham,Thats cool. How was your day?,,,
spam,Please CALL 08712402902 immediately as there is an urgent message waiting for you.,,,
ham,R we going with the  &lt;#&gt;  bus?,,,
ham,"Hello, my love ! How went your day ? Are you alright ? I think of you, my sweet and send a jolt to your heart to remind you ... I LOVE YOU! Can you hear it ? I screamed it across the sea for all the world to hear. Ahmad al Hallaq is loved ! and owned ! *possessive passionate kiss*",,,
